OBJECTID,MXLOCATION,designvolt,status,description,type,Symbol,Shape__Length,GlobalID
1,AHA-DOB-A,66,COMMISSIONED,Arahura - Dobson A,TRANSLINE,66 TRANSLINE,8857.46440836165,6c59f621-bda4-458b-a710-6f454a263361
2,AHA-DOB-A1-CBL,66,COMMISSIONED,AHA-DOB-A1-CBL Section,CABLE,66 CABLE,470.196468692008,21b7a647-d819-4538-b649-9e714abec586
3,AHA-OTI-A,66,COMMISSIONED,Arahura - Otira A,TRANSLINE,66 TRANSLINE,63421.1775846478,18444645-a782-47c2-a9da-4b8b7cfecc9c
4,ALB-HPI-A,220,COMMISSIONED,Albany - Huapai A,TRANSLINE,220 TRANSLINE,14887.8050679823,f2f7cd00-6fb5-427b-abbe-8980e7be3aa5
5,ALB-SVL-A,220,COMMISSIONED,Albany - Silverdale A,TRANSLINE,220 TRANSLINE,14346.2632928135,2a0663ae-5034-43a8-a53d-b9162483b7e6
6,ALB-WRD-C-CBL,220,COMMISSIONED,Albany - Wairau Road Cable C,CABLE,220 CABLE,8372.8233808627,82b1478f-e763-4c75-994a-b9c13c4c4108
7,ARA-WRK-A,220,COMMISSIONED,Aratiatia - Wairakei A,TRANSLINE,220 TRANSLINE,4564.26499099791,0e865a81-152f-4df9-8bcf-f3fe72f7665b
8,ARI-EDG-A,110,COMMISSIONED,Arapuni - Edgecumbe A,TRANSLINE,110 TRANSLINE,80565.8374112732,4ed37f8c-6139-42d2-8c22-f55aafbc78d1
9,ARI-EDG-B,110,COMMISSIONED,Arapuni - Edgecumbe B,TRANSLINE,110 TRANSLINE,79597.8157479109,7ba6acb3-956a-4250-96ba-e96d036f1be8
10,ARI-HAM-A,110,COMMISSIONED,Arapuni - Hamilton A,TRANSLINE,110 TRANSLINE,47281.4575089006,bbfd2964-abcd-4758-beaf-1f7503490f88
11,ARI-HAM-B,110,COMMISSIONED,Arapuni - Hamilton B,TRANSLINE,110 TRANSLINE,47307.9994757916,96fe6c82-e905-445b-9eb5-43b4b26a71ac
12,ARI-ONG-A,110,COMMISSIONED,Arapuni - Ongarue A,TRANSLINE,110 TRANSLINE,40714.1404056268,69478521-faf6-4a26-93a3-c865503d7c77
13,ARI-ONG-B,110,COMMISSIONED,Arapuni - Ongarue B,TRANSLINE,110 TRANSLINE,91901.7113638892,17025252-d11a-4348-a260-ddf4cb6b39fd
14,ASH-TIM-A,110,COMMISSIONED,Ashburton - Timaru A,TRANSLINE,110 TRANSLINE,17988.6676817011,f17e0794-0510-4286-b156-7c278e2d9396
15,ASH-TIM-B,110,COMMISSIONED,Ashburton - Timaru B,TRANSLINE,110 TRANSLINE,15729.8074014066,7590caba-036c-4514-9fa0-1fd1f199422d
16,ASY-DEV-A,66,COMMISSIONED,Ashley - Deviation A,TRANSLINE,66 TRANSLINE,3926.11206886965,bba8d0b2-9937-42e7-b7f7-7a17e7e71c0b
18,ATI-TRK-A,220,COMMISSIONED,Atiamuri - Tarukenga A,TRANSLINE,220 TRANSLINE,44623.7434524003,aae3ff28-6b44-4037-806a-79a517f412d2
19,AVI-BEN-A,220,COMMISSIONED,Aviemore - Benmore A,TRANSLINE,220 TRANSLINE,18421.5932965758,46a4b4b6-a75d-42bc-b9e6-c5a65c8ef267
20,AVI-LIV-A,220,COMMISSIONED,Aviemore - Livingstone A,TRANSLINE,220 TRANSLINE,40632.6323423651,0d241069-a47b-4fde-b54d-59cdbba2f6bf
21,BAL-DEV-A,110,COMMISSIONED,Balclutha - Deviation A,TRANSLINE,110 TRANSLINE,13321.5859553375,379570a8-53cf-43d9-8ac5-4f555c300cdb
22,BDE-DEV-A,110,COMMISSIONED,Brydone - Deviation A,TRANSLINE,110 TRANSLINE,3441.32499912655,03db8075-9f96-4d3c-beda-bbb5fce7df39
23,BEN-BGR-A,0,COMMISSIONED,Benmore - Bog Roy A,TRANSLINE,0 TRANSLINE,7499.67955599584,3049a87b-426f-4f0d-9de3-9152031c268e
24,BEN-HAY-A,350,COMMISSIONED,Benmore - Haywards A,TRANSLINE,350 TRANSLINE,552374.477489489,613bc6d8-c34e-4408-9688-afefde8c860a
25,BEN-ISL-A,220,COMMISSIONED,Benmore - Islington A,TRANSLINE,220 TRANSLINE,265487.81541037,b5e1cfe8-7e08-4fb8-b70c-8d2c1074bd2e
26,BEN-TWZ-A,220,COMMISSIONED,Benmore - Twizel A,TRANSLINE,220 TRANSLINE,39749.4406163401,9cce05b2-cced-4bd9-b5d9-c9ef708a071a
27,BHL-PAK-A-CBL,220,COMMISSIONED,Brownhill - Pakuranga A,CABLE,220 CABLE,10794.1998390722,da24e3c1-67fc-4562-abe0-fd85a054c5a0
28,BHL-PAK-B-CBL,220,COMMISSIONED,Brownhill - Pakuranga B,CABLE,220 CABLE,10867.2403833268,1d267fe0-99a7-478d-99e1-a0407acd0163
29,BKD-HOR-A,66,COMMISSIONED,Brackendale - Hororata A,TRANSLINE,66 TRANSLINE,14220.2917400142,d8e576f4-1531-4362-9870-9327ef2a12a0
30,BLN-KIK-A,110,COMMISSIONED,Blenheim - Kikiwa A,TRANSLINE,110 TRANSLINE,108438.231271803,0615cdd8-5140-4c9c-a47a-c88b80ef00d3
31,BLN-STK-A,110,COMMISSIONED,Blenheim - Stoke A,TRANSLINE,110 TRANSLINE,77020.0922988672,dfd96145-3af9-4d2d-9f87-889f7cdb6729
32,BOB-MER-A,110,COMMISSIONED,Bombay - Meremere A,TRANSLINE,110 TRANSLINE,15964.9305872074,f3b9ae1d-f5ce-4a8c-b466-9ef542913df1
33,BPD-TEE-A,110,COMMISSIONED,Bells Pond - Tee A,TRANSLINE,110 TRANSLINE,571.026342665087,7ccddfd3-6251-4a33-8dbd-49395ec5e637
34,BPE-HAY-A,220,COMMISSIONED,Bunnythorpe - Haywards A,TRANSLINE,220 TRANSLINE,120001.562011871,9cc1ffad-81b8-4df0-aab6-2e773c515c80
35,BPE-HAY-B,220,COMMISSIONED,Bunnythorpe - Haywards B,TRANSLINE,220 TRANSLINE,119757.630662815,454e33e2-be43-4695-a945-c0a022341ee0
36,BPE-MHO-A,110,COMMISSIONED,Bunnythorpe - Mangahao A,TRANSLINE,110 TRANSLINE,42494.0220285913,8fc395ad-90e2-4f56-a5b0-56c5464a3ee0
37,BPE-MHO-B,110,COMMISSIONED,Bunnythorpe - Mangahao B,TRANSLINE,110 TRANSLINE,38523.2186394358,920ab15a-c135-400f-a73b-c7f1877bd7fd
38,BPE-WDV-B,110,COMMISSIONED,Bunnythorpe - Woodville B,TRANSLINE,110 TRANSLINE,22395.3122052334,42ae9741-b11a-4a82-97e3-cfc4205cf69a
39,BPE-WIL-A,220,COMMISSIONED,Bunnythorpe - Wilton A,TRANSLINE,220 TRANSLINE,151674.407886437,ce1c46d5-5e1e-4092-9d74-3a34a0f96b0d
40,BPT-TEE-A,110,COMMISSIONED,Black Point - Tee A,TRANSLINE,110 TRANSLINE,3535.6973244797,c725b35e-c8e0-432b-a017-a500a731366c
41,BRB-DEV-A,220,COMMISSIONED,Bream Bay - Deviation A,TRANSLINE,220 TRANSLINE,3614.54396088644,0784d2e2-dacc-4f15-b962-b0ab8f502b24
42,BRK-BPE-A,220,COMMISSIONED,Brunswick - Bunnythorpe A,TRANSLINE,220 TRANSLINE,71538.4826012506,b1f201b5-0673-4989-81c7-e66c8332ca73
43,BRK-SFD-A,220,COMMISSIONED,Brunswick - Stratford A,TRANSLINE,220 TRANSLINE,96268.3529521796,03a7fd39-cdc8-40ce-a441-2656d50c95ad
44,BRK-SFD-B,220,COMMISSIONED,Brunswick - Stratford B,TRANSLINE,220 TRANSLINE,96741.1810114519,895a11bf-ed91-4d04-88b0-08136e310bc8
45,BRY-ISL-A,220,COMMISSIONED,Bromley - Islington A,TRANSLINE,220 TRANSLINE,28312.4364730289,e31696af-8ff4-45fa-bc24-5347318487ba
46,BWR-IGH-A,110,COMMISSIONED,Blackwater - Inangahua A,TRANSLINE,110 TRANSLINE,54076.9685323242,2b439154-bcdf-4025-a5bc-29dd0be8045f
47,CHH-TWZ-A,220,COMMISSIONED,Christchurch - Twizel A,TRANSLINE,220 TRANSLINE,216842.263971996,df586ce5-d1f3-4ae6-8281-780b5125dafb
48,CML-FKN-A,110,COMMISSIONED,Cromwell - Frankton A,TRANSLINE,110 TRANSLINE,40832.9460986105,84026f0c-3086-4b11-8252-57960ab70c58
49,COL-BKD-D,66,COMMISSIONED,Coleridge - Brackendale D,TRANSLINE,66 TRANSLINE,33110.8627970619,29a29502-4bd9-430c-a6bf-626880d93add
50,CPK-WIL-A,110,COMMISSIONED,Central Park - Wilton A,TRANSLINE,110 TRANSLINE,4793.78284047954,5a68f941-5311-4116-bf4e-b75c26979c2b
51,CPK-WIL-B,110,COMMISSIONED,Central Park - Wilton B,TRANSLINE,110 TRANSLINE,13015.4653417324,242d3b3f-d14d-4b63-97f6-dd71402894a8
52,CST-HUI-A,110,COMMISSIONED,Carrington St - Huirangi A,TRANSLINE,110 TRANSLINE,15427.583872314,230cc3a6-5fd0-4afc-a2fa-a4c1db4c376f
53,CST-NPL-A,110,COMMISSIONED,Carrington St - New Plymouth A,TRANSLINE,110 TRANSLINE,11303.5898170713,3c97a433-3573-485c-b60a-6eb9dbb073ae
54,CST-SFD-A,110,COMMISSIONED,Carrington St - Stratford A,TRANSLINE,110 TRANSLINE,36924.7439147995,d2665bce-dbb3-46bb-a5d9-eb494b894ca9
55,DOB-BWR-A,110,COMMISSIONED,Dobson - Blackwater A,TRANSLINE,110 TRANSLINE,44669.9336791054,292b25c9-0ba5-4c07-a495-44027cf1dbb3
56,DOB-TEE-A,110,COMMISSIONED,Dobson - Tee A,TRANSLINE,110 TRANSLINE,74600.9614815602,feadab4a-0c44-437f-ab92-1da7a16edde5
57,EDG-TRK-A,220,COMMISSIONED,Edgecumbe - Tarukenga A,TRANSLINE,220 TRANSLINE,66826.565535414,a391e5ce-672d-47ea-8fbf-086bb5ada0ff
58,FHL-DEV-A,110,COMMISSIONED,Fernhill - Deviation A,TRANSLINE,110 TRANSLINE,18437.4010895645,635d22f5-d349-45a5-a53e-0414fa6a4085
59,FHL-RDF-A,110,COMMISSIONED,Fernhill - Redclyffe A,TRANSLINE,110 TRANSLINE,8220.80126237021,a1876ad3-c2b2-44b4-8bfb-89781b97039a
60,FHL-RDF-B,110,COMMISSIONED,Fernhill - Redclyffe B,TRANSLINE,110 TRANSLINE,6485.29665263678,54f3f41d-9355-4c6f-b2f8-f7787b0d51de
61,FHL-WDV-A,110,COMMISSIONED,Fernhill - Woodville A,TRANSLINE,110 TRANSLINE,114094.656851971,3a33f336-dcfb-496c-bef3-8e27ed5f1e43
62,FHL-WDV-B,110,COMMISSIONED,Fernhill - Woodville B,TRANSLINE,110 TRANSLINE,112186.170903268,4364effb-218f-4179-b1a5-63d0ba9c4723
63,GLN-DEV-A,220,COMMISSIONED,Glenbrook - Deviation A,TRANSLINE,220 TRANSLINE,23530.601061913,1e01e720-55ea-4d8e-ad4f-61f3ba194c1e
64,GNY-OAM-A,110,COMMISSIONED,Glenavy - Oamaru A,TRANSLINE,110 TRANSLINE,27096.4984948504,8a99bcda-8067-496a-a15e-0596c670504b
65,GNY-OAM-B,110,COMMISSIONED,Glenavy - Oamaru B,TRANSLINE,110 TRANSLINE,24503.0340593115,ced9c967-f026-4bf1-b8ed-0d5ad76f90bd
66,GNY-TIM-A,110,COMMISSIONED,Glenavy - Timaru A,TRANSLINE,110 TRANSLINE,70696.2074314773,84369092-7cd0-4bc5-bfcc-1485eab89858
67,GNY-WTK-A,110,COMMISSIONED,Glenavy - Waitaki A,TRANSLINE,110 TRANSLINE,61396.0135181825,29bdaf4a-2042-4caa-8cb8-9d65d4e99e6a
68,GOR-HWB-A,110,COMMISSIONED,Gore - Halfway Bush A,TRANSLINE,110 TRANSLINE,141762.522957352,3d8ac8d8-ccec-4361-b15e-be90a22e9e8c
69,GOR-INV-A,110,COMMISSIONED,Gore - Invercargill A,TRANSLINE,110 TRANSLINE,57273.2483228626,b7e5ac45-23d8-4752-9ab1-7f41c1606b6f
70,GOR-ROX-A,110,COMMISSIONED,Gore - Roxburgh A,TRANSLINE,110 TRANSLINE,83517.7040560731,f9815e8b-dc46-44f8-b0a1-63671f82af9b
71,HAI-MTM-A,110,COMMISSIONED,Hairini - Mt Maunganui A,TRANSLINE,110 TRANSLINE,8388.09489344683,1c2ea6d6-44e2-4422-829f-a7561ca938ee
72,HAI-MTM-B,110,COMMISSIONED,Hairini - Mt Maunganui B,TRANSLINE,110 TRANSLINE,8763.50314820191,4996f61f-cd24-4bbc-a6a3-3fa37aee8874
73,HAI-MTM-B1-CBL,110,COMMISSIONED,HAI-MTM-B1 Cable Section,CABLE,110 CABLE,856.19226057841,95f1a3d0-7357-4b08-ba45-57d888cd5352
74,HAI-TMI-A,110,COMMISSIONED,Hairini - Te Matai A,TRANSLINE,110 TRANSLINE,17738.4504495374,13c4d9f8-f897-433d-af0d-14b85f386897
75,HAM-KPO-A,110,COMMISSIONED,Hamilton - Karapiro A,TRANSLINE,110 TRANSLINE,26545.3519684337,3988519d-b73b-487d-92b6-42ea7f812a2c
76,HAM-KPO-A-CBL,110,COMMISSIONED,HAM-KPO-A Cable Section,CABLE,110 CABLE,2615.86459900934,36984dce-a561-441f-a81b-afc9361a3fe2
77,HAM-WHU-A,110,COMMISSIONED,Hamilton - Waihou A,TRANSLINE,110 TRANSLINE,45291.2902560394,abcf2d32-fb9e-4348-878e-8fef3ed8d748
78,HAY-JFD-A,220,COMMISSIONED,Haywards - Judgeford A,TRANSLINE,220 TRANSLINE,8390.98940261815,fcb00643-093a-4a75-a66f-4139edd8dfa3
79,HAY-MLG-A,110,COMMISSIONED,Haywards - Melling A,TRANSLINE,110 TRANSLINE,2768.89357059808,6cf90073-24be-4741-a2a0-b8e00b702208
80,HAY-MLG-B,110,COMMISSIONED,Haywards - Melling B,TRANSLINE,110 TRANSLINE,9968.2403353971,de04d933-5ea0-4792-b48e-9d6e519df3a3
81,HAY-TKR-A,110,COMMISSIONED,Haywards - Takapu Road A,TRANSLINE,110 TRANSLINE,9970.50897542516,59ed21d8-d45c-4947-918b-271ae5c2d5ad
82,HAY-UHT-A,110,COMMISSIONED,Haywards - Upper Hutt A,TRANSLINE,110 TRANSLINE,11729.2402976033,6f2eb227-2fee-4e82-8a2f-98ebdb4a77b6
83,HEN-HEP-A,110,COMMISSIONED,Henderson - Hepburn Road A,TRANSLINE,110 TRANSLINE,6932.05876506591,d95b4d69-1922-4392-a581-30d24047f7bc
84,HEN-MDN-A,220,COMMISSIONED,Henderson - Marsden A,TRANSLINE,220 TRANSLINE,120125.553279002,57a5ad5b-536b-4d27-a422-4d2b1ef3fdc4
85,HEN-MPE-A,110,COMMISSIONED,Henderson - Maungatapere A,TRANSLINE,110 TRANSLINE,137361.615225416,efd1ce63-fe68-4e38-b3bc-451aa3cfaa46
86,HEN-ROS-A,110,COMMISSIONED,Henderson - Mt Roskill A,TRANSLINE,110 TRANSLINE,14756.4701559507,ee77bda2-cecc-482e-9af8-48375ae40848
87,HEP-ROS-A,110,COMMISSIONED,Hepburn Road - Mt Roskill A,TRANSLINE,110 TRANSLINE,7541.1155941374,6e822697-3286-4187-a767-b09079818e46
88,HIN-KPO-A,110,COMMISSIONED,Hinuera - Karapiro A,TRANSLINE,110 TRANSLINE,21363.8041642517,329936f3-db3a-4397-9b60-1e504e178b80
89,HLY-DEV-A,220,COMMISSIONED,Huntly - Deviation A,TRANSLINE,220 TRANSLINE,17758.8992871089,6e38758d-fb03-4a86-be6f-e52039a9b520
90,HLY-TMN-A,220,COMMISSIONED,Huntly - Taumarunui A,TRANSLINE,220 TRANSLINE,171413.797173943,3091e491-7417-48b9-b4e9-e70c16b0a2cf
91,HOB-PEN-A-CBL,220,COMMISSIONED,Hobson Street - Penrose Cable,CABLE,220 CABLE,9232.85849978694,690f2475-60a2-4f28-ac2a-60d4b433a8bf
92,HOR-ISL-E,66,COMMISSIONED,Hororata - Islington E,TRANSLINE,66 TRANSLINE,46676.8519235746,ba0b4a83-9506-45d3-8b49-4c4f8b1d48bd
93,HUI-MNI-A,110,COMMISSIONED,Huirangi - Motunui A,TRANSLINE,110 TRANSLINE,8780.31102130566,2fa6fbfd-0e81-4866-81a3-deb0f152dac7
94,HWB-ROX-A,110,COMMISSIONED,Halfway Bush - Roxburgh A,TRANSLINE,110 TRANSLINE,143325.752360187,ed566b30-ef9c-4d92-b5e0-018513ee71de
95,HWB-SDN-A,220,COMMISSIONED,Halfway Bush - South Dunedin A,TRANSLINE,220 TRANSLINE,12991.5425049044,00e2c510-531e-486d-97ca-81534f40651d
96,IGH-KIK-A,110,COMMISSIONED,Inangahua - Kikiwa A,TRANSLINE,110 TRANSLINE,91910.0052422029,364e1585-8b23-4791-a1a9-3e1442fa5b8e
97,IGH-KIK-B,110,COMMISSIONED,Inangahua - Kikiwa B,TRANSLINE,110 TRANSLINE,97097.5112492428,a4ef29e0-7b90-4562-8054-61394eef0a17
98,IGH-RFN-A,110,COMMISSIONED,Inangahua - Reefton A,TRANSLINE,110 TRANSLINE,32824.3336114996,8836afaf-ef92-46bb-8127-29ba33ded36d
99,IGH-WMG-A,110,COMMISSIONED,Inangahua - Waimangaroa A,TRANSLINE,110 TRANSLINE,26227.2061128902,b5d60051-78d7-4522-98a1-432b884490bb
100,IGH-WPT-B,110,COMMISSIONED,Inangahua - Westport B,TRANSLINE,110 TRANSLINE,51753.5415737175,5c5204bb-8bc0-4327-b31e-c7c274599054
101,INV-TWI-A,220,COMMISSIONED,Invercargill - Tiwai A,TRANSLINE,220 TRANSLINE,25227.5436301111,33236166-6bcd-4dd4-bf43-a1c6806ca8e3
102,ISL-DEV-A,66,COMMISSIONED,Islington - Deviation A,TRANSLINE,66 TRANSLINE,6204.96568246728,e009ba37-5771-4e39-8c0c-af2ae863cfd0
103,ISL-KIK-A,220,COMMISSIONED,Islington - Kikiwa A,TRANSLINE,220 TRANSLINE,229624.75845605,6f598821-d9b5-4d62-ba20-f583be54537b
104,ISL-KIK-B,220,COMMISSIONED,Islington - Kikiwa B,TRANSLINE,220 TRANSLINE,237672.374325674,d29c492c-2b0c-4dd4-b0c5-2985734899ce
105,KAI-SBK-A,66,COMMISSIONED,Kaiapoi - Southbrook A,TRANSLINE,66 TRANSLINE,6753.79734442123,c8ac810c-1951-4796-9072-3ed872b3882f
106,KAI-SBK-A-CBL,66,COMMISSIONED,KAI-SBK Cable Section,CABLE,66 CABLE,1615.10384768288,b557a4a4-c938-4b85-9fbe-226cd4bc3fc5
107,KAW-DEV-A,220,COMMISSIONED,Kawerau - Deviation A,TRANSLINE,220 TRANSLINE,8933.58669360782,2385cff8-a617-4cd4-8f19-90293e32d78a
108,KBY-TEE-A,66,COMMISSIONED,Kimberley - Tee A,TRANSLINE,66 TRANSLINE,1390.19311419145,f53e9326-ff42-4e63-805c-af7e3dff4bd0
109,KIK-STK-A,220,COMMISSIONED,Kikiwa - Stoke A,TRANSLINE,220 TRANSLINE,53390.8950849931,32cedb04-dcbc-429f-91bc-81478b2a9e50
110,KIK-STK-B,110,COMMISSIONED,Kikiwa - Stoke B,TRANSLINE,110 TRANSLINE,53074.2892302091,f86d3f0a-3168-4e3a-9548-c750da201fa1
111,KIN-DEV-A,110,COMMISSIONED,Kinleith - Deviation A,TRANSLINE,110 TRANSLINE,23033.8950386655,3f92cb9d-b0b7-469f-bf13-e7aa5d257a9e
112,KOE-MPE-A,110,COMMISSIONED,Kaikohe - Maungatapere A,TRANSLINE,110 TRANSLINE,56468.8254666252,4b086690-8e51-4dd5-9ca8-e2ab5f93fbfb
113,KPO-TMU-A,110,COMMISSIONED,Karapiro - Te Awamutu A,TRANSLINE,110 TRANSLINE,22277.670225802,dfd0caf9-320c-4e09-aebc-74adf2e78195
114,LCH-KIN-A,110,COMMISSIONED,Lichfield - Kinleith A,TRANSLINE,110 TRANSLINE,19201.1989155143,8cbab1d7-e9b3-4e5c-b12d-bf33c74ab760
115,LCH-KIN-B,110,COMMISSIONED,Lichfield - Kinleith B,TRANSLINE,110 TRANSLINE,22398.7755785369,17059053-7d1d-4d47-9640-473311d54c1b
116,MAN-TWI-A,220,COMMISSIONED,Manapouri - Tiwai A,TRANSLINE,220 TRANSLINE,171415.681726564,3c9108b8-4b7e-4b6b-b170-48e0c8069ed7
117,MDN-MPE-A,110,COMMISSIONED,Marsden - Maungatapere A,TRANSLINE,110 TRANSLINE,29289.4405971627,da23a7da-12c7-4185-8bac-aaef44d3f92b
118,MER-TAK-A,110,COMMISSIONED,Meremere - Takanini A,TRANSLINE,110 TRANSLINE,15609.4949006882,55ab75ef-e06d-401b-b0c3-25ba67b85fe6
122,MNI-DEV-A,110,COMMISSIONED,Motunui - Deviation A,TRANSLINE,110 TRANSLINE,25095.4422123495,2783d4bb-0bb3-4c1b-aa89-cdb223ce13a2
123,MST-UHT-A,110,COMMISSIONED,Masterton - Upper Hutt A,TRANSLINE,110 TRANSLINE,54546.0116495105,ca3688dc-f63d-4b83-b62e-4d365fc8793e
124,MTI-WKM-A,220,COMMISSIONED,Maraetai - Whakamaru A,TRANSLINE,220 TRANSLINE,9261.06773221723,522aad35-30d6-4f82-a1d0-5cd15b8f4618
125,MTI-WKM-B,220,COMMISSIONED,Maraetai - Whakamaru B,TRANSLINE,220 TRANSLINE,9282.6032043683,b5215b94-10a1-4501-ac13-2b60d948614f
126,MTI-WPA-A,220,COMMISSIONED,Maraetai - Waipapa A,TRANSLINE,220 TRANSLINE,10338.9966703278,53a01f95-e8c6-432d-960b-8bc92680add8
127,NMA-TMH-A,220,COMMISSIONED,North Makarewa - Three Mile Hill A,TRANSLINE,220 TRANSLINE,198809.866080121,774079c3-ab5b-44c7-8008-3a8309984f6c
128,NPL-SFD-A,220,COMMISSIONED,New Plymouth - Stratford A,TRANSLINE,220 TRANSLINE,44722.2236524283,c54df21b-1d29-49dd-a76a-2a93e8d2fbf9
129,OHA-TWZ-A,220,COMMISSIONED,Ohau A - Twizel A,TRANSLINE,220 TRANSLINE,8655.86013553831,e83065ef-db0f-46cb-a2b1-9db031a6391b
130,OHK-EDG-A,220,COMMISSIONED,Ohakuri - Edgecumbe A,TRANSLINE,220 TRANSLINE,95693.3275929876,4e280f3e-9d32-45cb-a452-a147860f5249
131,OKE-TMI-A,110,COMMISSIONED,Okere - Te Matai A,TRANSLINE,110 TRANSLINE,26174.1506031375,b7dff6a3-3fc6-41d4-a213-c3670dc46db5
132,OKI-WRK-A,220,COMMISSIONED,Ohaaki - Wairakei A,TRANSLINE,220 TRANSLINE,22971.9179522816,3e110e54-7406-4d07-a4c3-8e63ebb00f6c
133,OPK-SFD-A,110,COMMISSIONED,Opunake - Stratford A,TRANSLINE,110 TRANSLINE,39342.669490964,8bed72c0-922c-493c-9dd3-227dcc3508c2
135,OWH-DEV-A,110,COMMISSIONED,Owhata - Deviation A,TRANSLINE,110 TRANSLINE,11680.5112907432,4ef9589a-e70f-439f-8fa0-18f0a73ee984
136,PAK-PEN-B-CBL,220,COMMISSIONED,Pakuranga - Penrose B Cable,CABLE,220 CABLE,9005.52479315407,2d72166b-2637-4bf1-a0fd-39f1a8bd1e9c
137,PAO-TEE-A,110,COMMISSIONED,Piako - Tee A,TRANSLINE,110 TRANSLINE,2484.47217059586,aa553a52-7918-48d1-a33c-64578070381e
138,PEN-ROS-A,110,COMMISSIONED,Penrose - Mt Roskill A,TRANSLINE,110 TRANSLINE,10531.9940303195,8ce0b40f-d60f-4089-bd8d-23ad4bfbf341
139,PKK-TKR-A,110,COMMISSIONED,Paekakariki - Takapu Road A,TRANSLINE,110 TRANSLINE,8086.34290000586,3c702f49-f8d0-4ebd-ad5b-7182a42af1f3
140,PPI-THI-A,220,COMMISSIONED,Poihipi - Te Mihi A,TRANSLINE,220 TRANSLINE,1669.20590105492,8c663239-5af5-42cb-b20d-a65e74495d7e
141,PRM-TEE-A,220,COMMISSIONED,Paraparaumu - Tee A,TRANSLINE,220 TRANSLINE,1343.89048825726,104a8715-9095-4bcb-9eb3-95b692b4f8af
142,PRM-TEE-B,220,COMMISSIONED,Paraparaumu - Tee B,TRANSLINE,220 TRANSLINE,872.700924436204,a659663a-e828-4c99-8a2e-318240a7be53
143,RDF-WHI-A,220,COMMISSIONED,Redclyffe - Whirinaki A,TRANSLINE,220 TRANSLINE,23305.9015212972,47db2d49-3506-4240-9dd8-c57a96cf9d20
144,RDF-WTU-A,220,COMMISSIONED,Redclyffe - Whakatu A,TRANSLINE,220 TRANSLINE,9312.02351127233,61e55dbf-f160-488e-9d1b-b182384f92e8
145,ROX-ISL-A,220,COMMISSIONED,Roxburgh - Islington A,TRANSLINE,220 TRANSLINE,375948.339775895,d253899c-b772-49ac-9791-fb157ed5fad4
146,ROX-TMH-A,220,COMMISSIONED,Roxburgh - Three Mile Hill A,TRANSLINE,220 TRANSLINE,101786.834027877,7216960a-33e0-466c-836b-8844707fddea
147,RTO-HTI-A,110,COMMISSIONED,Rangitoto Hills - Hangatiki A,TRANSLINE,110 TRANSLINE,14154.6104738814,bb08aaf7-2309-489c-9090-93ba7cad7928
148,SBK-WPR-A,66,COMMISSIONED,Southbrook - Waipara A,TRANSLINE,66 TRANSLINE,34897.0268998183,b9d38eb6-ac8f-40de-bd74-b9971b193146
149,SFD-TMN-A,220,COMMISSIONED,Stratford - Taumarunui A,TRANSLINE,220 TRANSLINE,109764.733710719,f2b36423-70fb-4eed-9a69-f936f2ba46ef
150,SMK-OTB-A,11,COMMISSIONED,South Makara - Oteranga Bay A,TRANSLINE,11 TRANSLINE,5073.40466609844,85004dc4-7ee3-4e8b-93d2-77d44d65ba31
151,SMK-OTB-A1-CBL,11,COMMISSIONED,SMK-OTB-A1-CBL Section,CABLE,11 CABLE,545.070080082042,cee43d9f-77e1-4967-9d2b-d4ec3fb6b949
153,THI-DEV-A,220,COMMISSIONED,Te Mihi - Deviation A,TRANSLINE,220 TRANSLINE,481.362962710849,1906d7ba-78df-4493-96a8-bf4c179fdaec
154,TIM-DEV-A,220,COMMISSIONED,Timaru - Deviation A,TRANSLINE,220 TRANSLINE,32711.9909708183,3d789954-a566-483f-9084-5122067daae7
155,TKA-TIM-A,110,COMMISSIONED,Tekapo A - Timaru A,TRANSLINE,110 TRANSLINE,79611.9267108977,c9a805f8-0ea9-4298-a36d-00d1941df4a6
156,TKB-DEV-A,220,COMMISSIONED,Tekapo B - Deviation A,TRANSLINE,220 TRANSLINE,3089.00844021533,62b3016b-0356-48ff-853c-b44d63c6908c
158,TKR-WIL-A,110,COMMISSIONED,Takapu Road - Wilton A,TRANSLINE,110 TRANSLINE,18603.2096451841,845e68c0-1a3e-4a73-9c06-4cc9b11f7964
159,TNG-TEE-A,220,COMMISSIONED,Tangiwai - Tee A,TRANSLINE,220 TRANSLINE,10602.5553762937,d355c804-0902-4c45-8f6f-96bde7394f6a
160,TRK-DEV-A,110,COMMISSIONED,Tarukenga - Deviation A,TRANSLINE,110 TRANSLINE,1908.89857316929,c541566d-3233-435c-bcba-fd6881acfbc0
161,TRK-DEV-B,110,COMMISSIONED,Tarukenga - Deviation B,TRANSLINE,110 TRANSLINE,4842.73416617163,c0bb7932-8a88-4d18-99ee-b13fc06a90ef
162,TUI-BPE-A,110,COMMISSIONED,Tuai - Bunnythorpe A,TRANSLINE,110 TRANSLINE,93305.758293029,62d1c558-74f1-4347-9f59-543e7372a62c
163,TWC-TEE-A,220,COMMISSIONED,Tararua Wind Central - Tee A,TRANSLINE,220 TRANSLINE,5875.64464165871,f42f8299-2033-4d30-b33a-0917450b1c41
164,TWH-DEV-A,220,COMMISSIONED,Te Kowhai - Deviation A,TRANSLINE,220 TRANSLINE,2029.18832730599,badea477-d67f-4cd8-a0e0-9c71a9f0e3f1
165,TWZ-DEV-A,220,COMMISSIONED,Twizel - Deviation A,TRANSLINE,220 TRANSLINE,7851.3058532003,82d4a409-9c70-471d-b6cd-c7b9710ffa0b
166,WHU-WKO-A,110,COMMISSIONED,Waihou - Waikino A,TRANSLINE,110 TRANSLINE,20643.5471352041,07fff701-b627-461a-afc0-88265f183caa
167,WMG-WPT-A,110,COMMISSIONED,Waimangaroa - Westport A,TRANSLINE,110 TRANSLINE,23527.1083181952,b3f11c93-034e-4b48-85a7-49f17df8f6b0
168,WRK-WHI-A,220,COMMISSIONED,Wairakei - Whirinaki A,TRANSLINE,220 TRANSLINE,114161.396627562,1aaa46e1-7144-4240-b13a-3235bfd566f7
169,WRK-WKM-C,220,COMMISSIONED,Wairakei - Whakamaru C,TRANSLINE,220 TRANSLINE,40511.8490943764,8cd2a924-bdf1-4db6-8cf7-808ba4c9994b
170,WWD-TEE-A,110,COMMISSIONED,West Wind - Tee A,TRANSLINE,110 TRANSLINE,3165.45124681488,4cd0fe45-df2c-48ae-8cb9-96a46c94e28c
174,HOB-WRD-A-CBL,220,COMMISSIONED,Hobson Street - Wairau Road Cable,CABLE,220 CABLE,9620.66700254494,3d387e39-83ac-4921-8d24-ad71da9242f6
175,HAM-MER-B2-CBL-Z,110,COMMISSIONED,Hamilton Meremere B2 Cable Section,CABLE,110 CABLE,2475.59996723914,7157113e-2f19-4fca-9001-4fda2c177a7c
176,HAM-MER-B1-CBL-Z,110,COMMISSIONED,Hamilton Meremere B1 Cable Section,CABLE,110 CABLE,2301.26031917601,130ee3f7-5606-4bcc-af33-ef6165420134
177,HAM-MER-B,110,COMMISSIONED,Hamilton - Meremere B,TRANSLINE,110 TRANSLINE,58802.2814774329,77191deb-a139-4ebe-bd11-f90d0e365cbe
178,EDG-KAW-A,110,COMMISSIONED,Edgecumbe - Kawerau A,TRANSLINE,110 TRANSLINE,13948.624775445,dc565059-cab6-4839-a595-43d982eb7470
179,EDG-KAW-B,110,COMMISSIONED,Edgecumbe - Kawerau B,TRANSLINE,110 TRANSLINE,14283.3805702382,96b1d0e3-3271-4f03-9adf-17f785648110
180,GOR-TEE-A,220,COMMISSIONED,Gore - Tee A,TRANSLINE,220 TRANSLINE,2133.3092856485,0cfa5706-df30-41b0-a1d1-51f1d67f0cda
181,ALB-HEN-A,110,COMMISSIONED,Albany - Henderson A,TRANSLINE,110 TRANSLINE,15765.3807519803,040f6099-36d8-4e87-b513-4c788d7d7b8b
182,ALB-HEN-A1-CBL,110,COMMISSIONED,ALB-HEN-A1 CCT1 Cable Section,CABLE,110 CABLE,3885.22627434011,46589c6b-ddaf-4d43-90b2-1d2fb3e34e7b
183,BHL-WHN-A,400,COMMISSIONED,Brownhill - Whakamaru North A,TRANSLINE,400 TRANSLINE,189053.734997568,b7695aea-3d79-45c2-9179-c9a1bee22b5b
184,BOB-OTA-A,110,COMMISSIONED,Bombay - Otahuhu A,TRANSLINE,110 TRANSLINE,29955.0714335198,56cc55c0-8da1-4768-8010-e44dc30f69e8
185,BPE-ONG-A,110,COMMISSIONED,Bunnythorpe - Ongarue A,TRANSLINE,110 TRANSLINE,189310.16986535,adce5e36-2b2d-4e82-9dfa-66e2502c51fb
186,BPE-WKM-A,220,COMMISSIONED,Bunnythorpe - Whakamaru A,TRANSLINE,220 TRANSLINE,230261.01343969,b376229c-7a95-4312-ba59-b9427736be47
187,BPE-WKM-B,220,COMMISSIONED,Bunnythorpe - Whakamaru B,TRANSLINE,220 TRANSLINE,230631.66991014,2dd7e4fd-6050-4438-a927-dddde053b2e9
188,BPE-WRK-A,220,COMMISSIONED,Bunnythorpe - Wairakei A,TRANSLINE,220 TRANSLINE,215057.139858066,79721973-99f8-4ef3-b363-4dede8e1492e
189,HAI-TGA-A,110,COMMISSIONED,Hairini - Tauranga A,TRANSLINE,110 TRANSLINE,3805.43307263115,8b1f8bd0-77f3-49e8-930a-1b6bc7ff8483
190,HAI-TRK-A,220,COMMISSIONED,Hairini - Tarukenga A,TRANSLINE,220 TRANSLINE,39633.3648214313,1ded94f1-7599-4fde-8120-5b8cd14156a6
191,HAM-MER-A,110,COMMISSIONED,Hamilton - Meremere A,TRANSLINE,110 TRANSLINE,58844.4895442499,ca014278-95cf-49bf-ab5a-0df712cc0936
192,HAM-MER-A1-CBL,110,COMMISSIONED,HAM-MER-A Cable Section,CABLE,110 CABLE,857.224254885122,d81c468c-155a-45f8-ac28-462c7bb75c26
193,HEN-OTA-A,220,COMMISSIONED,Henderson - Otahuhu A,TRANSLINE,220 TRANSLINE,33182.3739895602,0b3a1e80-1fad-44ca-b7de-05cffd74329f
194,HLY-OTA-A,220,COMMISSIONED,Huntly - Otahuhu A,TRANSLINE,220 TRANSLINE,76954.6968442372,075c528f-bfbb-4251-a830-59ef514b1ce9
195,INV-MAN-A,220,COMMISSIONED,Invercargill - Manapouri A,TRANSLINE,220 TRANSLINE,145846.630038183,0b1bb0c1-851d-4c31-9cb4-4aa9af4f210a
196,KHD-TKR-A,33,COMMISSIONED,Khandallah - Takapu Road A,TRANSLINE,33 TRANSLINE,11655.6867693132,784d690e-ff3f-4db0-91c3-0fc89eef64da
197,KWA-WIL-A,110,COMMISSIONED,Kaiwharawhara - Wilton A,TRANSLINE,110 TRANSLINE,3234.93965585922,1a4caa77-dc35-4f98-bca9-99efd2b2964f
198,KWA-WIL-A1-CBL,110,COMMISSIONED,Kaiwharawhara - Wilton A,CABLE,110 CABLE,492.106454128432,553b4187-1acd-4bb4-9850-b1a266fec585
199,KWA-WIL-A2-CBL,110,COMMISSIONED,Kaiwharawhara - Wilton A,CABLE,110 CABLE,494.178470858231,2d9f823f-a2ae-4ef9-bd29-3b8e0ef0f3b5
200,MGM-MST-A,110,COMMISSIONED,Mangamaire - Masterton A,TRANSLINE,110 TRANSLINE,56427.5232942304,41b08f6e-fd8c-41e0-bab9-4ceb7f88c178
201,MGM-WDV-A,110,COMMISSIONED,Mangamaire - Woodville A,TRANSLINE,110 TRANSLINE,26448.3862208373,575ce9b5-d7ea-4102-bcb7-aace668fb2f7
202,MNG-OTA-A,110,COMMISSIONED,Mangere - Otahuhu A,TRANSLINE,110 TRANSLINE,3994.63299719912,4a310856-fb0b-4d2e-b8e7-7a7559098130
203,MNG-ROS-A,110,COMMISSIONED,Mangere - Mt Roskill A,TRANSLINE,110 TRANSLINE,12274.8255617062,6b6a7c3d-7bb3-42ad-8c99-2d7d7bd7d19c
204,OTA-PAK-A,220,COMMISSIONED,Otahuhu - Pakuranga A,TRANSLINE,220 TRANSLINE,5886.95791093841,a8a00750-9f67-4199-b70f-665369d5a5c6
205,OTA-PEN-A,110,COMMISSIONED,Otahuhu - Penrose A,TRANSLINE,110 TRANSLINE,7373.83390953843,c752be28-9baf-4910-9234-89fb41c8a7c0
206,OTA-PEN-A1-CBL,110,COMMISSIONED,OTA-PEN-A1-CBL Section,CABLE,110 CABLE,2664.56690733472,7af51d5a-97aa-44e7-9961-7a29868be60d
207,OTA-PEN-B,110,COMMISSIONED,Otahuhu - Penrose B,TRANSLINE,110 TRANSLINE,7317.26139341088,355147b7-6da8-4aa2-8a66-73821a0505e3
208,OTA-PEN-B-CBL,110,COMMISSIONED,,CABLE,110 CABLE,5367.58957347904,cf532da7-2285-4a80-9671-2743005a64a0
209,OTA-PEN-C,220,COMMISSIONED,Otahuhu - Penrose C,TRANSLINE,220 TRANSLINE,10913.0581205298,d66e262b-6d01-4e05-a033-9bad974f5289
210,OTA-WKM-C,220,COMMISSIONED,Otahuhu - Whakamaru C,TRANSLINE,220 TRANSLINE,192292.688522047,9b43389c-330f-4f13-bdbc-c38ba115a2dc
211,OTB-HAY-A,350,COMMISSIONED,Oteranga Bay - Haywards A,TRANSLINE,350 TRANSLINE,37390.4953753747,b0581b0c-e5a7-46e3-ae02-878224f3060c
212,RDF-TUI-A,110,COMMISSIONED,Redclyffe - Tuai A,TRANSLINE,110 TRANSLINE,97196.4947540718,26449b3b-9fec-4c54-9e90-63880ed535de
213,ROT-TRK-A,110,COMMISSIONED,Rotorua - Tarukenga A,TRANSLINE,110 TRANSLINE,11802.3141824532,5d240085-47a2-4efe-adbc-cca44c64c177
214,RPO-DEV-A,220,COMMISSIONED,Rangipo - Deviation A,TRANSLINE,220 TRANSLINE,6292.84995071411,1d583b76-36a4-42a7-95b1-88a6004d0cb6
215,THW-DEV-A,0,COMMISSIONED,Te Hikowhenua - Deviation A,TRANSLINE,0 TRANSLINE,4451.01927998509,b978352c-5d07-4799-9c7d-b5c277f18fcc
216,WGN-SFD-A,110,COMMISSIONED,Wanganui - Stratford A,TRANSLINE,110 TRANSLINE,109979.74791385,11a5b65e-a803-4db4-aae2-6fde27d3542b
218,BPE-WGN-B,110,COMMISSIONED,Bunnythorpe - Wanganui B,TRANSLINE,110 TRANSLINE,62135.2364970885,60830a02-d5cb-415d-aab7-03a6a59a9553
219,COL-OTI-A,66,COMMISSIONED,Coleridge - Otira A,TRANSLINE,66 TRANSLINE,83547.9393275153,affe5e1b-d70b-4974-907e-4715727ebc95
220,EDG-WAI-B,110,COMMISSIONED,Edgecumbe - Waiotahi B,TRANSLINE,110 TRANSLINE,35235.7924122837,292c1a6b-046e-416d-9ba6-7582528c7f8c
221,GFD-HAY-A,110,COMMISSIONED,Gracefield - Haywards A,TRANSLINE,110 TRANSLINE,15292.1074425542,c54d8d6d-1702-4f59-b472-fdf684956d60
222,HAM-DEV-A,220,COMMISSIONED,Hamilton - Deviation A,TRANSLINE,220 TRANSLINE,6198.34773449291,7950d423-f338-456e-aa18-6fbda7f43ed8
223,INV-ROX-A,220,COMMISSIONED,Invercargill - Roxburgh A,TRANSLINE,220 TRANSLINE,132746.888889313,67de28e7-c9e3-4235-b7bd-241d64d331d8
224,INV-ROX-B,220,COMMISSIONED,Invercargill - Roxburgh B,TRANSLINE,220 TRANSLINE,127062.936426973,17b39195-a4fa-4340-ae0c-0eea5cc85a72
225,ISL-SBK-A,66,COMMISSIONED,Islington - Southbrook A,TRANSLINE,66 TRANSLINE,25685.8305688488,df723378-cf99-4fbd-90a6-897fdfbf9a80
226,KAW-MAT-A,110,COMMISSIONED,Kawerau - Matahina A,TRANSLINE,110 TRANSLINE,9905.21158643644,3ef94626-5ae1-45d1-9678-fecdc4250a46
227,KPU-WKO-A,110,COMMISSIONED,Kopu - Waikino A,TRANSLINE,110 TRANSLINE,33561.3658577826,67ce09e1-4819-4452-ba11-a84dcc6078c3
228,NPK-RTR-A,110,COMMISSIONED,National Park - Retaruke A,TRANSLINE,110 TRANSLINE,10175.762568689,12729455-b17e-46f5-9602-d3d3dc24886f
229,OTA-WKM-A,220,COMMISSIONED,Otahuhu - Whakamaru A,TRANSLINE,220 TRANSLINE,190984.383208745,31bb6b50-bdb2-4566-976d-084032d44342
230,OTA-WKM-B,220,COMMISSIONED,Otahuhu - Whakamaru B,TRANSLINE,220 TRANSLINE,191133.127840597,b29d7f01-4555-4b0c-85b6-53c7efe0e000
231,ROX-TWZ-A,220,COMMISSIONED,Roxburgh - Twizel A,TRANSLINE,220 TRANSLINE,175153.700431391,f117b14f-457a-4da0-b5b7-088db1f62995
1838,WRK-WKM-A,220,COMMISSIONED,Wairakei - Whakamaru A,TRANSLINE,220 TRANSLINE,56477.9383257334,4f85ad0c-6d8c-4765-b784-39cf0947e581
1840,JRD-TEE-A,110,COMMISSIONED,Junction Road - Tee A,TRANSLINE,110 TRANSLINE,358.810852978533,668a8ca3-e16c-44ba-8b78-758c90cd0188
